100101,日和莉,ヒヨリ,猫拳,日和
100201,优衣,ユイ,种田,yui,ue
100301,怜,レイ,剑圣
100401,未奏希,ミソギ,炸弹人,炸弹,熊孩子,禊
100501,茉莉,マツリ,跳跳虎,虎,跳刀虎,马自立
100601,茜里,アカリ,妹法,阿卡丽
100701,宫子,ミヤコ,布丁
100801,雪,ユキ,镜子,小雪,镜法,伪娘
100901,杏奈,アンナ,中二,煤气罐
101001,真步,マホ,狐狸,真扎,maho,咕噜灵波,真布
101101,璃乃,リノ,妹弓
101201,初音,ハツネ,hego,星星法,星法,睡法
101301,七七香,ナナカ,娜娜卡,77香,nanaka
101401,香澄,カスミ,驴,侦探,驴妹,霞
101501,美里,ミサト,圣母,绿帽
101601,铃奈,スズナ,暴击弓,政委,辣妹弓
101701,香织,カオリ,狗子,狗,狗拳
101801,伊绪,イオ,老师,魅魔,依绪
102001,美美,ミミ,兔子,兔,兔兔
102101,胡桃,クルミ,铃铛
102201,依里,ヨリ,姐法,姐姐法,尤里,由里,伊里
102301,绫音,アヤネ,熊锤
102501,铃莓,スズメ,女仆,雀
102601,铃,リン,松鼠
102701,惠理子,エリコ,病娇
102801,咲恋,サレン,充电宝,普电
102901,望,ノゾミ,偶像
103001,妮侬,ニノン,扇子,妮诺
103101,忍,シノブ
103201,秋乃,アキノ,哈哈剑
103301,真阳,マヒル,奶牛
103401,尤加莉,ユカリ,黄骑,奶骑,酒鬼,圣骑,优花梨
103601,镜华,キョウカ,xcw,小仓唯
103701,智,トモ,tomo,卜毛
103801,栞,シオリ,tp弓,白虎弓
104001,碧,アオイ,香菜弓,香菜,毒弓,绿帽弓
104201,千歌,チカ,绿毛奶,契卡
104301,真琴,マコト,狼,狼姐,狼妹,月月
104401,伊莉雅,イリヤ,yly,伊利亚
104501,空花,クウカ,抖m
104601,珠希,タマキ,猫剑
104701,纯,ジュン,黑骑,saber
104801,美冬,ミフユ,子龙
104901,静流,シズル,姐姐
105001,美咲,ミサキ,大眼,眼球法
105101,深月,ミツキ,眼罩,抖s
105201,莉玛,リマ,羊,羊驼,草泥马
105301,莫妮卡,モニカ,毛二力,莫尼卡
105401,纺希,ツムギ,裁缝
105501,步未,アユミ,路人,路人妹,女路人,步美
105601,流夏,ルカ,大姐,露卡,ruka,luka,儿力,卢卡
105701,姬塔,ジータ,吉他,团长,qks,吉塔
105801,佩可莉姆,ペコリーヌ,吃货,公主,佩可,贪吃佩可
105901,可可萝,コッコロ,妈,kkr,白毛,普白,可可罗
106001,凯留,キャル,黑猫,臭鼬,凯露,普黑
106101,矛依未,ムイミ,511,夏娜,无意义
106301,亚里莎,アリサ,瞎子,鸭梨瞎,亚莉莎,亚里沙
106501,嘉夜,カヤ,卡娅,卡雅,卡亚,卡姐
106601,祈梨,イノリ,祈
106701,穗希,ホマレ,誉
106801,拉比林斯塔,ラビリスタ,迷宫女王,晶
106901,真那,マナ,霸瞳皇帝,霸瞳
107001,似似花,ネネカ,448,nnk,neneka,涅涅卡,奶奶卡,大妃,变貌大妃,变貌
107101,克里斯蒂娜,クリスティーナ,克总,女帝,克,克姐
107301,拉基拉基,ラジニカーント,跳跃王
107501,佩可莉姆（夏日）,ペコリーヌ（サマー）,水吃,水吃货,泼妇,夏日佩可莉姆
107601,可可萝（夏日）,コッコロ（サマー）,水白,水妈,夏日可可萝
107701,铃莓（夏日）,スズメ（サマー）,水女仆,夏日铃莓
107801,凯留（夏日）,キャル（サマー）,水黑,潶,水黑猫,夏日凯留
107901,珠希（夏日）,タマキ（サマー）,水猫剑,水猫,夏日珠希
108001,美冬（夏日）,ミフユ（サマー）,水美冬,水子龙,夏日美冬
108101,忍（万圣节）,シノブ（ハロウィン）,万圣忍,瓜忍,鬼忍,万圣节忍
108201,宫子（万圣节）,ミヤコ（ハロウィン）,万圣布丁,狼布丁,狼丁,万圣宫子
108301,美咲（万圣节）,ミサキ（ハロウィン）,万圣美咲,万圣大眼,万圣节美咲
108401,千歌（圣诞节）,チカ（クリスマス）,圣诞千歌,圣千,圣歌,圣诞节千歌
108501,胡桃（圣诞节）,クルミ（クリスマス）,圣诞胡桃,圣诞铃铛,圣诞节胡桃
108601,绫音（圣诞节）,アヤネ（クリスマス）,圣诞熊锤,圣锤,圣诞节绫音
108701,日和莉（新年）,ヒヨリ（ニューイヤー）,春猫,新年猫拳,新年日和
108801,优衣（新年）,ユイ（ニューイヤー）,春田,新年yui,春优,新年优衣
108901,怜（新年）,レイ（ニューイヤー）,新年怜,新春怜,春剑,春怜,新年剑圣,新春剑圣
109001,惠理子（情人节）,エリコ（バレンタイン）,情人节惠理子,情人节病娇,恋病,情病,情人病
109101,静流（情人节）,シズル（バレンタイン）,情人节静流,情人节姐姐,情姐,恋姐,情人姐
109201,安,アン,55kg
109301,露,ルゥ
109401,古蕾雅,グレア,龙姬
109501,空花（大江户）,クウカ（オーエド）,江户空花,江户抖m,江户m,江m,花m,大江m,和服空花,大江户空花
109601,妮侬（大江户）,ニノン（オーエド）,江户扇子,忍扇,大江户妮诺
109701,蕾姆,レム
109801,拉姆,ラム
109901,艾米莉亚,エミリア,emt,爱蜜莉雅
110001,铃奈（夏日）,スズナ（サマー）,水暴,水暴弓,瀑,夏日铃奈
110101,伊绪（夏日）,イオ（サマー）,水魅魔,水老师,泳装魅魔,泳装老师,夏日伊绪
110301,咲恋（夏日）,サレン（サマー）,水充,水电,水电站,泳装充电宝,泳装咲恋,夏日咲恋
110401,真琴（夏日）,マコト（サマー）,水狼,浪,夏日真琴
110501,香织（夏日）,カオリ（サマー）,水狗,夏日香织
110601,真步（夏日）,マホ（サマー）,水真步,水狐狸,水狐,水壶,水噜灵波,夏日真步
110701,碧（插班生）,アオイ（編入生）,生菜,插班生碧
110801,克萝伊,クロエ,华哥,花子,黑江
110901,琪爱儿,チエル,切噜,知惠
111001,优妮,ユニ,优尼
111101,镜华（万圣节）,キョウカ（ハロウィン）,万圣xcw,万圣唯,猫唯,猫仓,mcw,万圣节镜华
111201,未奏希（万圣节）,ミソギ（ハロウィン）,万圣炸弹,万圣炸弹人,万圣未奏希,圣弹人,圣蛋人,万圣节禊,瓜炸
111301,美美（万圣节）,ミミ（ハロウィン）,万圣兔,万圣兔兔,万圣兔子,万圣节美美
111401,露娜,ルナ
111501,克里斯蒂娜（圣诞节）,クリスティーナ（クリスマス）,圣诞克,圣诞克姐,圣诞克总,圣克,圣诞节克里斯蒂娜,蛋壳
111601,望（圣诞节）,ノゾミ（クリスマス）,圣诞偶像,圣诞望,圣诞节望
111701,伊莉雅（圣诞节）,イリヤ（クリスマス）,圣诞节伊利亚,圣诞伊莉雅,圣诞伊利亚,圣诞yly,圣伊,圣诞节伊莉雅
111801,佩可莉姆（新年）,ペコリーヌ（ニューイヤー）,春吃,新年佩可,新年贪吃佩可
111901,可可萝（新年）,コッコロ（ニューイヤー）,春白,春妈,新年可可萝,新春可可萝
112001,凯露（新年）,キャル（ニューイヤー）,春黑,新年黑猫,新年凯露,春鼬,新年凯留
112101,铃莓（新年）,スズメ（ニューイヤー）,春女仆,新年女仆,新年铃莓
112201,霞（魔法少女）,カスミ（マジカル）,魔法侦探,魔法霞,魔法驴,魔驴,法驴,魔法少驴,魔法少女霞
112301,栞（魔法少女）,シオリ（マジカル）,魔法弓,魔弓,法弓,魔法少女栞
112401,岛村卯月（偶像大师）,ウヅキ（デレマス）,岛村卯月,卯月,卵用,偶像大师岛村卯月
112501,涉谷凛（偶像大师）,リン（デレマス）,涉谷凛,凛,偶像大师涉谷凛
112601,本田未央（偶像大师）,ミオ（デレマス）,本田未央,偶像大师本田未央,mio
112701,铃（游侠）,リン（レンジャー）,游侠松鼠,武松,钻头哥
112801,真阳（游侠）,マヒル（レンジャー）,游侠真阳,斗牛
180401,佩可莉姆（公主）,ペコリーヌ（プリンセス）,命运吃货,公主吃货,高达,命运高达,公主佩可莉姆